{
  "userList": [
    {
      "username": "AKTheKnight"
    },
    {
      "username": "gigabit101"
    },
    {
      "username": "modmuss50",
      "textureName" : "beam"
    },
    {
      "username": "nexans"
    },
    {
      "username": "ProfProspector"
    },
    {
      "username": "themattabase"
    },
    {
      "username": "rushmead"
    },
    {
      "username": "darkosto"
    },
    {
      "username": "Yulife"
    },
    {
      "username": "UnRealDinnerbone"
    },
    {
      "username": "tfox83",
      "textureName" : "ftb"
    },
    {
      "username": "SnowShock35",
      "textureName" : "ftb"
    },
    {
      "username": "watchful11",
      "textureName" : "ftb"
    },
    {
      "username": "Darkosto",
      "textureName" : "ftb"
    },
    {
      "username": "slowpoke101",
      "textureName" : "ftb"
    },
    {
      "username": "quetzz",
      "textureName" : "ftb"
    }
  ]
}
